Emotion,Joy,Anger,Fear,Disgust,Grief,Annoyance,Nervousness,Excitement,Jealousy,Anxiety,Guilt,Embarrassment,Frustration,Depression,Neutral
Anger,1.0,2.6818181818181817,1.9886363636363635,3.102272727272727,2.9886363636363638,1.2613636363636365,3.9886363636363638,3.2613636363636362,4.988636363636363,2.465909090909091,1.4204545454545454,1.6590909090909092,2.2613636363636362,1.1477272727272727,1.0227272727272727
Anxiety,1.0,3.511111111111111,2.0,3.0,3.0,2.3777777777777778,4.0,2.533333333333333,5.0,2.6444444444444444,1.5555555555555556,2.4,1.2666666666666666,2.4,1.0
Depression,1.0,1.9333333333333333,2.0,4.433333333333334,3.0,1.0,4.0,4.566666666666666,5.0,1.7666666666666666,2.2,2.566666666666667,1.3333333333333333,1.0,1.0
Embarrassment,1.0,2.5,2.0,3.727272727272727,3.0,1.7727272727272727,4.0,3.9545454545454546,5.0,2.0454545454545454,3.227272727272727,2.5454545454545454,1.0909090909090908,1.7727272727272727,1.0
Fear,1.0,1.9322033898305084,2.0,4.0508474576271185,3.0,1.576271186440678,4.0,3.7966101694915255,5.0,1.7796610169491525,1.4067796610169492,4.135593220338983,1.2033898305084745,1.3898305084745763,1.0
Frustration,1.0,2.52,2.0,3.24,3.0,1.12,4.0,3.36,5.0,2.24,1.8,1.76,1.76,1.12,1.0
Guilt,1.010204081632653,2.2653061224489797,1.989795918367347,3.9693877551020407,2.989795918367347,1.4489795918367347,3.989795918367347,4.23469387755102,4.989795918367347,2.2244897959183674,4.3979591836734695,3.0,1.346938775510204,1.3979591836734695,1.0
Jealousy,1.0,2.925925925925926,2.0,3.5555555555555554,3.0,1.4814814814814814,4.0,3.6296296296296298,5.0,2.185185185185185,1.9259259259259258,2.6666666666666665,2.0,1.4444444444444444,1.0
